timeStamp,elapsed,label,responseCode,responseMessage,threadName,dataType,success,failureMessage,bytes,sentBytes,grpThreads,allThreads,URL,Latency,IdleTime,Connect
1561372131464,4990,Llamada 2,200,OK,jp@gc - Ultimate Thread Group 1-1,,true,,3269,2758,20,20,http://svtarqfrt3pu:3181/api/v2.0/auth/oauth2/introspect,4989,0,36
1561372131527,5301,Llamada 2,200,OK,jp@gc - Ultimate Thread Group 1-3,,true,,3269,2758,20,20,http://svtarqfrt3pu:3181/api/v2.0/auth/oauth2/introspect,5301,0,13
1561372131569,5318,Llamada 2,200,OK,jp@gc - Ultimate Thread Group 1-4,,true,,3269,2758,20,20,http://svtarqfrt3pu:3181/api/v2.0/auth/oauth2/introspect,5318,0,10
1561372131615,5274,Llamada 2,200,OK,jp@gc - Ultimate Thread Group 1-6,,true,,3269,2758,20,20,http://svtarqfrt3pu:3181/api/v2.0/auth/oauth2/introspect,5274,0,10
1561372131498,5401,Llamada 2,200,OK,jp@gc - Ultimate Thread Group 1-2,,true,,3269,2758,20,20,http://svtarqfrt3pu:3181/api/v2.0/auth/oauth2/introspect,5400,0,17
1561372131594,5395,Llamada 2,200,OK,jp@gc - Ultimate Thread Group 1-5,,true,,3269,2758,20,20,http://svtarqfrt3pu:3181/api/v2.0/auth/oauth2/introspect,5395,0,11
1561372131793,5242,Llamada 2,200,OK,jp@gc - Ultimate Thread Group 1-16,,true,,3269,2758,20,20,http://svtarqfrt3pu:3181/api/v2.0/auth/oauth2/introspect,5241,0,6
1561372131659,5481,Llamada 2,200,OK,jp@gc - Ultimate Thread Group 1-8,,true,,3269,2758,20,20,http://svtarqfrt3pu:3181/api/v2.0/auth/oauth2/introspect,5480,0,10
1561372131680,5775,Llamada 2,200,OK,jp@gc - Ultimate Thread Group 1-9,,true,,3269,2758,20,20,http://svtarqfrt3pu:3181/api/v2.0/auth/oauth2/introspect,5774,0,9
1561372131812,6080,Llamada 2,200,OK,jp@gc - Ultimate Thread Group 1-17,,true,,3269,2758,20,20,http://svtarqfrt3pu:3181/api/v2.0/auth/oauth2/introspect,6080,0,7
1561372131746,6162,Llamada 2,200,OK,jp@gc - Ultimate Thread Group 1-14,,true,,3269,2758,20,20,http://svtarqfrt3pu:3181/api/v2.0/auth/oauth2/introspect,6162,0,10
1561372131852,6397,Llamada 2,200,OK,jp@gc - Ultimate Thread Group 1-18,,true,,3269,2758,20,20,http://svtarqfrt3pu:3181/api/v2.0/auth/oauth2/introspect,6397,0,7
1561372131685,6721,Llamada 2,200,OK,jp@gc - Ultimate Thread Group 1-10,,true,,3269,2758,20,20,http://svtarqfrt3pu:3181/api/v2.0/auth/oauth2/introspect,6721,0,4
1561372131700,6844,Llamada 2,200,OK,jp@gc - Ultimate Thread Group 1-11,,true,,3269,2758,20,20,http://svtarqfrt3pu:3181/api/v2.0/auth/oauth2/introspect,6844,0,8
1561372131636,6959,Llamada 2,200,OK,jp@gc - Ultimate Thread Group 1-7,,true,,3269,2758,20,20,http://svtarqfrt3pu:3181/api/v2.0/auth/oauth2/introspect,6959,0,11
1561372131709,6938,Llamada 2,200,OK,jp@gc - Ultimate Thread Group 1-12,,true,,3269,2758,20,20,http://svtarqfrt3pu:3181/api/v2.0/auth/oauth2/introspect,6938,0,6
1561372131717,6999,Llamada 2,200,OK,jp@gc - Ultimate Thread Group 1-13,,true,,3269,2758,20,20,http://svtarqfrt3pu:3181/api/v2.0/auth/oauth2/introspect,6999,0,9
1561372131879,6913,Llamada 2,200,OK,jp@gc - Ultimate Thread Group 1-20,,true,,3269,2758,20,20,http://svtarqfrt3pu:3181/api/v2.0/auth/oauth2/introspect,6913,0,2
1561372131778,7094,Llamada 2,200,OK,jp@gc - Ultimate Thread Group 1-15,,true,,3269,2758,20,20,http://svtarqfrt3pu:3181/api/v2.0/auth/oauth2/introspect,7094,0,12
1561372131862,8162,Llamada 2,200,OK,jp@gc - Ultimate Thread Group 1-19,,true,,3269,2758,20,20,http://svtarqfrt3pu:3181/api/v2.0/auth/oauth2/introspect,8162,0,5
1561372136832,5196,Llamada 2,200,OK,jp@gc - Ultimate Thread Group 1-3,,true,,3269,2758,20,20,http://svtarqfrt3pu:3181/api/v2.0/auth/oauth2/introspect,5196,0,4
1561372136889,5353,Llamada 2,200,OK,jp@gc - Ultimate Thread Group 1-4,,true,,3269,2758,20,20,http://svtarqfrt3pu:3181/api/v2.0/auth/oauth2/introspect,5353,0,7
1561372137457,4840,Llamada 2,200,OK,jp@gc - Ultimate Thread Group 1-9,,true,,3269,2758,20,20,http://svtarqfrt3pu:3181/api/v2.0/auth/oauth2/introspect,4840,0,3
1561372136899,5452,Llamada 2,200,OK,jp@gc - Ultimate Thread Group 1-2,,true,,3269,2758,20,20,http://svtarqfrt3pu:3181/api/v2.0/auth/oauth2/introspect,5452,0,8
1561372136457,6119,Llamada 2,200,OK,jp@gc - Ultimate Thread Group 1-1,,true,,3269,2758,20,20,http://svtarqfrt3pu:3181/api/v2.0/auth/oauth2/introspect,6118,0,7
1561372136889,6271,Llamada 2,200,OK,jp@gc - Ultimate Thread Group 1-6,,true,,3269,2758,20,20,http://svtarqfrt3pu:3181/api/v2.0/auth/oauth2/introspect,6270,0,7
1561372138250,5444,Llamada 2,200,OK,jp@gc - Ultimate Thread Group 1-18,,true,,3269,2758,20,20,http://svtarqfrt3pu:3181/api/v2.0/auth/oauth2/introspect,5444,0,2
1561372138408,5684,Llamada 2,200,OK,jp@gc - Ultimate Thread Group 1-10,,true,,3269,2758,20,20,http://svtarqfrt3pu:3181/api/v2.0/auth/oauth2/introspect,5684,0,10
1561372138648,5742,Llamada 2,200,OK,jp@gc - Ultimate Thread Group 1-12,,true,,3269,2758,20,20,http://svtarqfrt3pu:3181/api/v2.0/auth/oauth2/introspect,5742,0,2
1561372138596,6360,Llamada 2,200,OK,jp@gc - Ultimate Thread Group 1-7,,true,,3269,2758,20,20,http://svtarqfrt3pu:3181/api/v2.0/auth/oauth2/introspect,6360,0,2
1561372138875,6323,Llamada 2,200,OK,jp@gc - Ultimate Thread Group 1-15,,true,,3269,2758,20,20,http://svtarqfrt3pu:3181/api/v2.0/auth/oauth2/introspect,6322,0,1
1561372137144,8394,Llamada 2,200,OK,jp@gc - Ultimate Thread Group 1-8,,true,,3269,2758,20,20,http://svtarqfrt3pu:3181/api/v2.0/auth/oauth2/introspect,8394,0,9
1561372136992,8784,Llamada 2,200,OK,jp@gc - Ultimate Thread Group 1-5,,true,,3269,2758,20,20,http://svtarqfrt3pu:3181/api/v2.0/auth/oauth2/introspect,8784,0,9
1561372138717,7542,Llamada 2,200,OK,jp@gc - Ultimate Thread Group 1-13,,true,,3269,2758,20,20,http://svtarqfrt3pu:3181/api/v2.0/auth/oauth2/introspect,7542,0,2
1561372137894,8442,Llamada 2,200,OK,jp@gc - Ultimate Thread Group 1-17,,true,,3269,2758,20,20,http://svtarqfrt3pu:3181/api/v2.0/auth/oauth2/introspect,8442,0,5
1561372140027,6320,Llamada 2,200,OK,jp@gc - Ultimate Thread Group 1-19,,true,,3269,2758,20,20,http://svtarqfrt3pu:3181/api/v2.0/auth/oauth2/introspect,6320,0,16
1561372137036,9408,Llamada 2,200,OK,jp@gc - Ultimate Thread Group 1-16,,true,,3269,2758,20,20,http://svtarqfrt3pu:3181/api/v2.0/auth/oauth2/introspect,9408,0,2
1561372137910,8587,Llamada 2,200,OK,jp@gc - Ultimate Thread Group 1-14,,true,,3269,2758,20,20,http://svtarqfrt3pu:3181/api/v2.0/auth/oauth2/introspect,8587,0,5
1561372138794,7774,Llamada 2,200,OK,jp@gc - Ultimate Thread Group 1-20,,true,,3269,2758,20,20,http://svtarqfrt3pu:3181/api/v2.0/auth/oauth2/introspect,7774,0,2
1561372138545,9073,Llamada 2,200,OK,jp@gc - Ultimate Thread Group 1-11,,true,,3269,2758,20,20,http://svtarqfrt3pu:3181/api/v2.0/auth/oauth2/introspect,9073,0,2
1561372142249,5431,Llamada 2,200,OK,jp@gc - Ultimate Thread Group 1-4,,true,,3269,2758,20,20,http://svtarqfrt3pu:3181/api/v2.0/auth/oauth2/introspect,5430,0,2
1561372142298,5638,Llamada 2,200,OK,jp@gc - Ultimate Thread Group 1-9,,true,,3269,2758,20,20,http://svtarqfrt3pu:3181/api/v2.0/auth/oauth2/introspect,5638,0,3
1561372142352,5805,Llamada 2,200,OK,jp@gc - Ultimate Thread Group 1-2,,true,,3269,2758,20,20,http://svtarqfrt3pu:3181/api/v2.0/auth/oauth2/introspect,5805,0,1
1561372142581,6420,Llamada 2,200,OK,jp@gc - Ultimate Thread Group 1-1,,true,,3269,2758,20,20,http://svtarqfrt3pu:3181/api/v2.0/auth/oauth2/introspect,6419,0,8
1561372143697,6408,Llamada 2,200,OK,jp@gc - Ultimate Thread Group 1-18,,true,,3269,2758,20,20,http://svtarqfrt3pu:3181/api/v2.0/auth/oauth2/introspect,6408,0,8
1561372143162,7231,Llamada 2,200,OK,jp@gc - Ultimate Thread Group 1-6,,true,,3269,2758,20,20,http://svtarqfrt3pu:3181/api/v2.0/auth/oauth2/introspect,7231,0,7
1561372144093,6355,Llamada 2,200,OK,jp@gc - Ultimate Thread Group 1-10,,true,,3269,2758,20,20,http://svtarqfrt3pu:3181/api/v2.0/auth/oauth2/introspect,6355,0,3
1561372144957,5811,Llamada 2,200,OK,jp@gc - Ultimate Thread Group 1-7,,true,,3269,2758,20,20,http://svtarqfrt3pu:3181/api/v2.0/auth/oauth2/introspect,5811,0,6
1561372144392,6391,Llamada 2,200,OK,jp@gc - Ultimate Thread Group 1-12,,true,,3269,2758,20,20,http://svtarqfrt3pu:3181/api/v2.0/auth/oauth2/introspect,6391,0,8
1561372145539,5415,Llamada 2,200,OK,jp@gc - Ultimate Thread Group 1-8,,true,,3269,2758,20,20,http://svtarqfrt3pu:3181/api/v2.0/auth/oauth2/introspect,5415,0,10
1561372145199,6600,Llamada 2,200,OK,jp@gc - Ultimate Thread Group 1-15,,true,,3269,2758,20,20,http://svtarqfrt3pu:3181/api/v2.0/auth/oauth2/introspect,6600,0,3
1561372147620,5582,Llamada 2,200,OK,jp@gc - Ultimate Thread Group 1-11,,true,,3269,2758,20,20,http://svtarqfrt3pu:3181/api/v2.0/auth/oauth2/introspect,5582,0,7
1561372146348,6923,Llamada 2,200,OK,jp@gc - Ultimate Thread Group 1-19,,true,,3269,2758,20,20,http://svtarqfrt3pu:3181/api/v2.0/auth/oauth2/introspect,6923,0,7
1561372145780,7491,Llamada 2,200,OK,jp@gc - Ultimate Thread Group 1-5,,true,,3269,2758,20,20,http://svtarqfrt3pu:3181/api/v2.0/auth/oauth2/introspect,7491,0,2
1561372146261,7013,Llamada 2,200,OK,jp@gc - Ultimate Thread Group 1-13,,true,,3269,2758,20,20,http://svtarqfrt3pu:3181/api/v2.0/auth/oauth2/introspect,7012,0,6
1561372146338,7065,Llamada 2,200,OK,jp@gc - Ultimate Thread Group 1-17,,true,,3269,2758,20,20,http://svtarqfrt3pu:3181/api/v2.0/auth/oauth2/introspect,7065,0,9
1561372146445,7113,Llamada 2,200,OK,jp@gc - Ultimate Thread Group 1-16,,true,,3269,2758,20,20,http://svtarqfrt3pu:3181/api/v2.0/auth/oauth2/introspect,7113,0,3
1561372146569,7040,Llamada 2,200,OK,jp@gc - Ultimate Thread Group 1-20,,true,,3269,2758,20,20,http://svtarqfrt3pu:3181/api/v2.0/auth/oauth2/introspect,7040,0,2
1561372147937,5678,Llamada 2,200,OK,jp@gc - Ultimate Thread Group 1-9,,true,,3269,2758,20,20,http://svtarqfrt3pu:3181/api/v2.0/auth/oauth2/introspect,5678,0,7
1561372146498,7897,Llamada 2,200,OK,jp@gc - Ultimate Thread Group 1-14,,true,,3269,2758,20,20,http://svtarqfrt3pu:3181/api/v2.0/auth/oauth2/introspect,7897,0,2
1561372148158,6479,Llamada 2,200,OK,jp@gc - Ultimate Thread Group 1-2,,true,,3269,2758,20,20,http://svtarqfrt3pu:3181/api/v2.0/auth/oauth2/introspect,6479,0,5
1561372147681,7709,Llamada 2,200,OK,jp@gc - Ultimate Thread Group 1-4,,true,,3269,2758,20,20,http://svtarqfrt3pu:3181/api/v2.0/auth/oauth2/introspect,7709,0,6
1561372150107,5598,Llamada 2,200,OK,jp@gc - Ultimate Thread Group 1-18,,true,,3269,2758,20,20,http://svtarqfrt3pu:3181/api/v2.0/auth/oauth2/introspect,5598,0,16
1561372150770,5539,Llamada 2,200,OK,jp@gc - Ultimate Thread Group 1-7,,true,,3269,2758,20,20,http://svtarqfrt3pu:3181/api/v2.0/auth/oauth2/introspect,5539,0,5
1561372150394,6084,Llamada 2,200,OK,jp@gc - Ultimate Thread Group 1-6,,true,,3269,2758,20,20,http://svtarqfrt3pu:3181/api/v2.0/auth/oauth2/introspect,6084,0,4
1561372150784,6228,Llamada 2,200,OK,jp@gc - Ultimate Thread Group 1-12,,true,,3269,2758,20,20,http://svtarqfrt3pu:3181/api/v2.0/auth/oauth2/introspect,6225,0,7
1561372150453,6751,Llamada 2,200,OK,jp@gc - Ultimate Thread Group 1-10,,true,,3269,2758,20,20,http://svtarqfrt3pu:3181/api/v2.0/auth/oauth2/introspect,6751,0,6
1561372150955,6431,Llamada 2,200,OK,jp@gc - Ultimate Thread Group 1-8,,true,,3269,2758,20,20,http://svtarqfrt3pu:3181/api/v2.0/auth/oauth2/introspect,6431,0,2
1561372151801,6247,Llamada 2,200,OK,jp@gc - Ultimate Thread Group 1-15,,true,,3269,2758,20,20,http://svtarqfrt3pu:3181/api/v2.0/auth/oauth2/introspect,6247,0,6
1561372153213,5305,Llamada 2,200,OK,jp@gc - Ultimate Thread Group 1-11,,true,,3269,2758,20,20,http://svtarqfrt3pu:3181/api/v2.0/auth/oauth2/introspect,5305,0,6
1561372153408,5310,Llamada 2,200,OK,jp@gc - Ultimate Thread Group 1-17,,true,,3269,2758,20,20,http://svtarqfrt3pu:3181/api/v2.0/auth/oauth2/introspect,5310,0,5
1561372153272,5510,Llamada 2,200,OK,jp@gc - Ultimate Thread Group 1-19,,true,,3269,2758,20,20,http://svtarqfrt3pu:3181/api/v2.0/auth/oauth2/introspect,5510,0,3
1561372153274,7422,Llamada 2,200,OK,jp@gc - Ultimate Thread Group 1-13,,true,,3269,2758,20,20,http://svtarqfrt3pu:3181/api/v2.0/auth/oauth2/introspect,7422,0,2
1561372153616,7238,Llamada 2,200,OK,jp@gc - Ultimate Thread Group 1-9,,true,,3269,2758,20,20,http://svtarqfrt3pu:3181/api/v2.0/auth/oauth2/introspect,7238,0,7
1561372153560,7413,Llamada 2,200,OK,jp@gc - Ultimate Thread Group 1-16,,true,,3269,2758,20,20,http://svtarqfrt3pu:3181/api/v2.0/auth/oauth2/introspect,7413,0,3
1561372153272,7832,Llamada 2,200,OK,jp@gc - Ultimate Thread Group 1-5,,true,,3269,2758,20,20,http://svtarqfrt3pu:3181/api/v2.0/auth/oauth2/introspect,7832,0,3
1561372153610,7498,Llamada 2,200,OK,jp@gc - Ultimate Thread Group 1-20,,true,,3269,2758,20,20,http://svtarqfrt3pu:3181/api/v2.0/auth/oauth2/introspect,7498,0,6
1561372154397,6985,Llamada 2,200,OK,jp@gc - Ultimate Thread Group 1-14,,true,,3269,2758,20,20,http://svtarqfrt3pu:3181/api/v2.0/auth/oauth2/introspect,6984,0,8
1561372155391,6080,Llamada 2,200,OK,jp@gc - Ultimate Thread Group 1-4,,true,,3269,2758,20,20,http://svtarqfrt3pu:3181/api/v2.0/auth/oauth2/introspect,6080,0,9
1561372154642,6890,Llamada 2,200,OK,jp@gc - Ultimate Thread Group 1-2,,true,,3269,2758,20,20,http://svtarqfrt3pu:3181/api/v2.0/auth/oauth2/introspect,6890,0,5
1561372157233,5955,Llamada 2,200,OK,jp@gc - Ultimate Thread Group 1-10,,true,,3269,2758,20,20,http://svtarqfrt3pu:3181/api/v2.0/auth/oauth2/introspect,5955,0,2
1561372156479,6822,Llamada 2,200,OK,jp@gc - Ultimate Thread Group 1-6,,true,,3269,2758,20,20,http://svtarqfrt3pu:3181/api/v2.0/auth/oauth2/introspect,6822,0,2
1561372157016,6860,Llamada 2,200,OK,jp@gc - Ultimate Thread Group 1-12,,true,,3269,2758,20,20,http://svtarqfrt3pu:3181/api/v2.0/auth/oauth2/introspect,6860,0,12
1561372158519,6261,Llamada 2,200,OK,jp@gc - Ultimate Thread Group 1-11,,true,,3269,2758,20,20,http://svtarqfrt3pu:3181/api/v2.0/auth/oauth2/introspect,6261,0,2
1561372158050,6832,Llamada 2,200,OK,jp@gc - Ultimate Thread Group 1-15,,true,,3269,2758,20,20,http://svtarqfrt3pu:3181/api/v2.0/auth/oauth2/introspect,6832,0,5
1561372157388,7550,Llamada 2,200,OK,jp@gc - Ultimate Thread Group 1-8,,true,,3269,2758,20,20,http://svtarqfrt3pu:3181/api/v2.0/auth/oauth2/introspect,7550,0,2
1561372158720,6382,Llamada 2,200,OK,jp@gc - Ultimate Thread Group 1-17,,true,,3269,2758,20,20,http://svtarqfrt3pu:3181/api/v2.0/auth/oauth2/introspect,6382,0,7
1561372158784,6403,Llamada 2,200,OK,jp@gc - Ultimate Thread Group 1-19,,true,,3269,2758,20,20,http://svtarqfrt3pu:3181/api/v2.0/auth/oauth2/introspect,6403,0,7
1561372161106,4334,Llamada 2,200,OK,jp@gc - Ultimate Thread Group 1-5,,true,,3269,2758,20,20,http://svtarqfrt3pu:3181/api/v2.0/auth/oauth2/introspect,4334,0,1
1561372160975,4828,Llamada 2,200,OK,jp@gc - Ultimate Thread Group 1-16,,true,,3269,2758,20,20,http://svtarqfrt3pu:3181/api/v2.0/auth/oauth2/introspect,4827,0,2
1561372160698,5880,Llamada 2,200,OK,jp@gc - Ultimate Thread Group 1-13,,true,,3269,2758,20,20,http://svtarqfrt3pu:3181/api/v2.0/auth/oauth2/introspect,5880,0,7
1561372161473,5289,Llamada 2,200,OK,jp@gc - Ultimate Thread Group 1-4,,true,,3269,2758,20,20,http://svtarqfrt3pu:3181/api/v2.0/auth/oauth2/introspect,5289,0,2
1561372161534,5357,Llamada 2,200,OK,jp@gc - Ultimate Thread Group 1-2,,true,,3269,2758,20,20,http://svtarqfrt3pu:3181/api/v2.0/auth/oauth2/introspect,5356,0,6
1561372160856,6120,Llamada 2,200,OK,jp@gc - Ultimate Thread Group 1-9,,true,,3269,2758,20,20,http://svtarqfrt3pu:3181/api/v2.0/auth/oauth2/introspect,6120,0,2
1561372161109,6796,Llamada 2,200,OK,jp@gc - Ultimate Thread Group 1-20,,true,,3269,2758,20,20,http://svtarqfrt3pu:3181/api/v2.0/auth/oauth2/introspect,6796,0,3
1561372161384,7047,Llamada 2,200,OK,jp@gc - Ultimate Thread Group 1-14,,true,,3269,2758,20,20,http://svtarqfrt3pu:3181/api/v2.0/auth/oauth2/introspect,7047,0,6
1561372163878,4738,Llamada 2,200,OK,jp@gc - Ultimate Thread Group 1-12,,true,,3269,2758,20,20,http://svtarqfrt3pu:3181/api/v2.0/auth/oauth2/introspect,4738,0,8
1561372164782,4483,Llamada 2,200,OK,jp@gc - Ultimate Thread Group 1-11,,true,,3269,2758,20,20,http://svtarqfrt3pu:3181/api/v2.0/auth/oauth2/introspect,4483,0,8
1561372163191,6135,Llamada 2,200,OK,jp@gc - Ultimate Thread Group 1-10,,true,,3269,2758,20,20,http://svtarqfrt3pu:3181/api/v2.0/auth/oauth2/introspect,6135,0,7
1561372165190,4493,Llamada 2,200,OK,jp@gc - Ultimate Thread Group 1-19,,true,,3269,2758,20,20,http://svtarqfrt3pu:3181/api/v2.0/auth/oauth2/introspect,4493,0,2
1561372165104,4800,Llamada 2,200,OK,jp@gc - Ultimate Thread Group 1-17,,true,,3269,2758,20,20,http://svtarqfrt3pu:3181/api/v2.0/auth/oauth2/introspect,4799,0,2
1561372163303,6679,Llamada 2,200,OK,jp@gc - Ultimate Thread Group 1-6,,true,,3269,2758,20,20,http://svtarqfrt3pu:3181/api/v2.0/auth/oauth2/introspect,6679,0,2
1561372166580,3846,Llamada 2,200,OK,jp@gc - Ultimate Thread Group 1-13,,true,,3269,2758,20,20,http://svtarqfrt3pu:3181/api/v2.0/auth/oauth2/introspect,3846,0,9
1561372164940,5821,Llamada 2,200,OK,jp@gc - Ultimate Thread Group 1-8,,true,,3269,2758,20,20,http://svtarqfrt3pu:3181/api/v2.0/auth/oauth2/introspect,5821,0,10
1561372164884,5926,Llamada 2,200,OK,jp@gc - Ultimate Thread Group 1-15,,true,,3269,2758,20,20,http://svtarqfrt3pu:3181/api/v2.0/auth/oauth2/introspect,5926,0,4
1561372166763,4285,Llamada 2,200,OK,jp@gc - Ultimate Thread Group 1-4,,true,,3269,2758,20,20,http://svtarqfrt3pu:3181/api/v2.0/auth/oauth2/introspect,4285,0,3
1561372165469,5737,Llamada 2,200,OK,jp@gc - Ultimate Thread Group 1-5,,true,,3269,2758,20,20,http://svtarqfrt3pu:3181/api/v2.0/auth/oauth2/introspect,5737,0,7
1561372166977,4986,Llamada 2,200,OK,jp@gc - Ultimate Thread Group 1-9,,true,,3269,2758,20,20,http://svtarqfrt3pu:3181/api/v2.0/auth/oauth2/introspect,4986,0,2
1561372167907,4315,Llamada 2,200,OK,jp@gc - Ultimate Thread Group 1-20,,true,,3269,2758,20,20,http://svtarqfrt3pu:3181/api/v2.0/auth/oauth2/introspect,4315,0,7
1561372168433,3837,Llamada 2,200,OK,jp@gc - Ultimate Thread Group 1-14,,true,,3269,2758,20,20,http://svtarqfrt3pu:3181/api/v2.0/auth/oauth2/introspect,3837,0,7
1561372168617,5038,Llamada 2,200,OK,jp@gc - Ultimate Thread Group 1-12,,true,,3269,2758,20,20,http://svtarqfrt3pu:3181/api/v2.0/auth/oauth2/introspect,5038,0,1
1561372169327,4383,Llamada 2,200,OK,jp@gc - Ultimate Thread Group 1-10,,true,,3269,2758,20,20,http://svtarqfrt3pu:3181/api/v2.0/auth/oauth2/introspect,4383,0,7
1561372165803,8000,Llamada 2,200,OK,jp@gc - Ultimate Thread Group 1-16,,true,,3269,2758,20,20,http://svtarqfrt3pu:3181/api/v2.0/auth/oauth2/introspect,8000,0,3
1561372169684,4167,Llamada 2,200,OK,jp@gc - Ultimate Thread Group 1-19,,true,,3269,2758,20,20,http://svtarqfrt3pu:3181/api/v2.0/auth/oauth2/introspect,4167,0,2
1561372166892,7207,Llamada 2,200,OK,jp@gc - Ultimate Thread Group 1-2,,true,,3269,2758,20,20,http://svtarqfrt3pu:3181/api/v2.0/auth/oauth2/introspect,7206,0,6
1561372169906,4733,Llamada 2,200,OK,jp@gc - Ultimate Thread Group 1-17,,true,,3269,2758,20,20,http://svtarqfrt3pu:3181/api/v2.0/auth/oauth2/introspect,4733,0,6
1561372170810,3918,Llamada 2,200,OK,jp@gc - Ultimate Thread Group 1-15,,true,,3269,2758,20,20,http://svtarqfrt3pu:3181/api/v2.0/auth/oauth2/introspect,3918,0,2
1561372171207,3664,Llamada 2,200,OK,jp@gc - Ultimate Thread Group 1-5,,true,,3269,2758,20,20,http://svtarqfrt3pu:3181/api/v2.0/auth/oauth2/introspect,3664,0,7
1561372170428,4803,Llamada 2,200,OK,jp@gc - Ultimate Thread Group 1-13,,true,,3269,2758,20,20,http://svtarqfrt3pu:3181/api/v2.0/auth/oauth2/introspect,4803,0,6
1561372171050,4612,Llamada 2,200,OK,jp@gc - Ultimate Thread Group 1-4,,true,,3269,2758,20,20,http://svtarqfrt3pu:3181/api/v2.0/auth/oauth2/introspect,4611,0,6
1561372142031,33682,Llamada 2,200,OK,jp@gc - Ultimate Thread Group 1-3,,true,,599,2758,20,20,http://svtarqfrt3pu:3181/api/v2.0/auth/oauth2/introspect,33682,0,4
1561372170761,4956,Llamada 2,200,OK,jp@gc - Ultimate Thread Group 1-8,,true,,3269,2758,20,20,http://svtarqfrt3pu:3181/api/v2.0/auth/oauth2/introspect,4956,0,2
1561372169987,5862,Llamada 2,200,OK,jp@gc - Ultimate Thread Group 1-6,,true,,3269,2758,20,20,http://svtarqfrt3pu:3181/api/v2.0/auth/oauth2/introspect,5862,0,2
1561372172223,3711,Llamada 2,200,OK,jp@gc - Ultimate Thread Group 1-20,,true,,3269,2758,20,20,http://svtarqfrt3pu:3181/api/v2.0/auth/oauth2/introspect,3711,0,1
1561372172272,4658,Llamada 2,200,OK,jp@gc - Ultimate Thread Group 1-14,,true,,3269,2758,20,20,http://svtarqfrt3pu:3181/api/v2.0/auth/oauth2/introspect,4657,0,28
1561372171964,5199,Llamada 2,200,OK,jp@gc - Ultimate Thread Group 1-9,,true,,3269,2758,20,20,http://svtarqfrt3pu:3181/api/v2.0/auth/oauth2/introspect,5199,0,8
1561372173712,5005,Llamada 2,200,OK,jp@gc - Ultimate Thread Group 1-10,,true,,3269,2758,20,20,http://svtarqfrt3pu:3181/api/v2.0/auth/oauth2/introspect,5004,0,1
1561372174101,4692,Llamada 2,200,OK,jp@gc - Ultimate Thread Group 1-2,,true,,3269,2758,20,20,http://svtarqfrt3pu:3181/api/v2.0/auth/oauth2/introspect,4691,0,1
1561372173657,5188,Llamada 2,200,OK,jp@gc - Ultimate Thread Group 1-12,,true,,3269,2758,20,20,http://svtarqfrt3pu:3181/api/v2.0/auth/oauth2/introspect,5188,0,3
1561372173804,5044,Llamada 2,200,OK,jp@gc - Ultimate Thread Group 1-16,,true,,3269,2758,20,20,http://svtarqfrt3pu:3181/api/v2.0/auth/oauth2/introspect,5044,0,2
1561372174871,4263,Llamada 2,200,OK,jp@gc - Ultimate Thread Group 1-5,,true,,3269,2758,20,20,http://svtarqfrt3pu:3181/api/v2.0/auth/oauth2/introspect,4260,0,1
1561372173852,5294,Llamada 2,200,OK,jp@gc - Ultimate Thread Group 1-19,,true,,3269,2758,20,20,http://svtarqfrt3pu:3181/api/v2.0/auth/oauth2/introspect,5294,0,2
1561372175232,4279,Llamada 2,200,OK,jp@gc - Ultimate Thread Group 1-13,,true,,3269,2758,20,20,http://svtarqfrt3pu:3181/api/v2.0/auth/oauth2/introspect,4279,0,8
1561372175934,3951,Llamada 2,200,OK,jp@gc - Ultimate Thread Group 1-20,,true,,3269,2758,20,20,http://svtarqfrt3pu:3181/api/v2.0/auth/oauth2/introspect,3950,0,4
1561372175849,4246,Llamada 2,200,OK,jp@gc - Ultimate Thread Group 1-6,,true,,3269,2758,20,20,http://svtarqfrt3pu:3181/api/v2.0/auth/oauth2/introspect,4245,0,6
1561372174728,5548,Llamada 2,200,OK,jp@gc - Ultimate Thread Group 1-15,,true,,3269,2758,20,20,http://svtarqfrt3pu:3181/api/v2.0/auth/oauth2/introspect,5548,0,7
1561372175661,4784,Llamada 2,200,OK,jp@gc - Ultimate Thread Group 1-4,,true,,3269,2758,20,20,http://svtarqfrt3pu:3181/api/v2.0/auth/oauth2/introspect,4784,0,2
1561372174640,6021,Llamada 2,200,OK,jp@gc - Ultimate Thread Group 1-17,,true,,3269,2758,20,20,http://svtarqfrt3pu:3181/api/v2.0/auth/oauth2/introspect,6020,0,4
1561372175716,5970,Llamada 2,200,OK,jp@gc - Ultimate Thread Group 1-8,,true,,3269,2758,20,20,http://svtarqfrt3pu:3181/api/v2.0/auth/oauth2/introspect,5969,0,17
1561372178718,3285,Llamada 2,200,OK,jp@gc - Ultimate Thread Group 1-10,,true,,3269,2758,20,20,http://svtarqfrt3pu:3181/api/v2.0/auth/oauth2/introspect,3285,0,9
1561372175714,6445,Llamada 2,200,OK,jp@gc - Ultimate Thread Group 1-3,,true,,3269,2758,20,20,http://svtarqfrt3pu:3181/api/v2.0/auth/oauth2/introspect,6445,0,3
1561372179143,4265,Llamada 2,200,OK,jp@gc - Ultimate Thread Group 1-5,,true,,3269,2758,20,20,http://svtarqfrt3pu:3181/api/v2.0/auth/oauth2/introspect,4264,0,4
1561372176931,6608,Llamada 2,200,OK,jp@gc - Ultimate Thread Group 1-14,,true,,3269,2758,20,20,http://svtarqfrt3pu:3181/api/v2.0/auth/oauth2/introspect,6608,0,13
1561372178849,4968,Llamada 2,200,OK,jp@gc - Ultimate Thread Group 1-16,,true,,3269,2758,20,20,http://svtarqfrt3pu:3181/api/v2.0/auth/oauth2/introspect,4968,0,2
1561372149002,34987,Llamada 2,200,OK,jp@gc - Ultimate Thread Group 1-1,,true,,599,2758,20,20,http://svtarqfrt3pu:3181/api/v2.0/auth/oauth2/introspect,34987,0,7
1561372177163,6846,Llamada 2,200,OK,jp@gc - Ultimate Thread Group 1-9,,true,,3269,2758,20,20,http://svtarqfrt3pu:3181/api/v2.0/auth/oauth2/introspect,6846,0,2
1561372179146,4927,Llamada 2,200,OK,jp@gc - Ultimate Thread Group 1-19,,true,,3269,2758,20,20,http://svtarqfrt3pu:3181/api/v2.0/auth/oauth2/introspect,4927,0,2
1561372179513,5300,Llamada 2,200,OK,jp@gc - Ultimate Thread Group 1-13,,true,,3269,2758,20,20,http://svtarqfrt3pu:3181/api/v2.0/auth/oauth2/introspect,5300,0,7
1561372179885,5055,Llamada 2,200,OK,jp@gc - Ultimate Thread Group 1-20,,true,,3269,2758,20,20,http://svtarqfrt3pu:3181/api/v2.0/auth/oauth2/introspect,5054,0,2
1561372178845,6190,Llamada 2,200,OK,jp@gc - Ultimate Thread Group 1-12,,true,,3269,2758,20,20,http://svtarqfrt3pu:3181/api/v2.0/auth/oauth2/introspect,6190,0,5
1561372180277,4953,Llamada 2,200,OK,jp@gc - Ultimate Thread Group 1-15,,true,,3269,2758,20,20,http://svtarqfrt3pu:3181/api/v2.0/auth/oauth2/introspect,4947,0,2
1561372181687,3975,Llamada 2,200,OK,jp@gc - Ultimate Thread Group 1-8,,true,,3269,2758,20,20,http://svtarqfrt3pu:3181/api/v2.0/auth/oauth2/introspect,3974,0,8
1561372180096,5742,Llamada 2,200,OK,jp@gc - Ultimate Thread Group 1-6,,true,,3269,2758,20,20,http://svtarqfrt3pu:3181/api/v2.0/auth/oauth2/introspect,5741,0,9
1561372182160,3957,Llamada 2,200,OK,jp@gc - Ultimate Thread Group 1-3,,true,,3269,2758,20,20,http://svtarqfrt3pu:3181/api/v2.0/auth/oauth2/introspect,3957,0,6
1561372180661,5987,Llamada 2,200,OK,jp@gc - Ultimate Thread Group 1-17,,true,,3269,2758,20,20,http://svtarqfrt3pu:3181/api/v2.0/auth/oauth2/introspect,5987,0,8
1561372182018,5239,Llamada 2,200,OK,jp@gc - Ultimate Thread Group 1-10,,true,,3269,2758,20,20,http://svtarqfrt3pu:3181/api/v2.0/auth/oauth2/introspect,5239,0,3
1561372180446,6993,Llamada 2,200,OK,jp@gc - Ultimate Thread Group 1-4,,true,,3269,2758,20,20,http://svtarqfrt3pu:3181/api/v2.0/auth/oauth2/introspect,6993,0,2
1561372183540,4445,Llamada 2,200,OK,jp@gc - Ultimate Thread Group 1-14,,true,,3269,2758,20,20,http://svtarqfrt3pu:3181/api/v2.0/auth/oauth2/introspect,4445,0,8
1561372183409,5011,Llamada 2,200,OK,jp@gc - Ultimate Thread Group 1-5,,true,,3269,2758,20,20,http://svtarqfrt3pu:3181/api/v2.0/auth/oauth2/introspect,5011,0,6
1561372184074,4499,Llamada 2,200,OK,jp@gc - Ultimate Thread Group 1-19,,true,,3269,2758,20,20,http://svtarqfrt3pu:3181/api/v2.0/auth/oauth2/introspect,4499,0,6
1561372183818,4815,Llamada 2,200,OK,jp@gc - Ultimate Thread Group 1-16,,true,,3269,2758,20,20,http://svtarqfrt3pu:3181/api/v2.0/auth/oauth2/introspect,4815,0,7
1561372184010,4775,Llamada 2,200,OK,jp@gc - Ultimate Thread Group 1-9,,true,,3269,2758,20,20,http://svtarqfrt3pu:3181/api/v2.0/auth/oauth2/introspect,4774,0,7
1561372183991,5430,Llamada 2,200,OK,jp@gc - Ultimate Thread Group 1-1,,true,,3269,2758,20,20,http://svtarqfrt3pu:3181/api/v2.0/auth/oauth2/introspect,5429,0,10
1561372185036,4401,Llamada 2,200,OK,jp@gc - Ultimate Thread Group 1-12,,true,,3269,2758,20,20,http://svtarqfrt3pu:3181/api/v2.0/auth/oauth2/introspect,4401,0,7
1561372184817,5777,Llamada 2,200,OK,jp@gc - Ultimate Thread Group 1-13,,true,,3269,2758,20,20,http://svtarqfrt3pu:3181/api/v2.0/auth/oauth2/introspect,5777,0,8
1561372185839,4814,Llamada 2,200,OK,jp@gc - Ultimate Thread Group 1-6,,true,,3269,2758,20,20,http://svtarqfrt3pu:3181/api/v2.0/auth/oauth2/introspect,4814,0,5
1561372184941,5714,Llamada 2,200,OK,jp@gc - Ultimate Thread Group 1-20,,true,,3269,2758,20,20,http://svtarqfrt3pu:3181/api/v2.0/auth/oauth2/introspect,5714,0,8
1561372185664,5093,Llamada 2,200,OK,jp@gc - Ultimate Thread Group 1-8,,true,,3269,2758,20,20,http://svtarqfrt3pu:3181/api/v2.0/auth/oauth2/introspect,5093,0,9
1561372185231,5530,Llamada 2,200,OK,jp@gc - Ultimate Thread Group 1-15,,true,,3269,2758,20,20,http://svtarqfrt3pu:3181/api/v2.0/auth/oauth2/introspect,5530,0,8
1561372155705,35057,Llamada 2,200,OK,jp@gc - Ultimate Thread Group 1-18,,true,,599,2758,20,20,http://svtarqfrt3pu:3181/api/v2.0/auth/oauth2/introspect,35057,0,5
1561372156312,34617,Llamada 2,200,OK,jp@gc - Ultimate Thread Group 1-7,,true,,599,2758,20,20,http://svtarqfrt3pu:3181/api/v2.0/auth/oauth2/introspect,34617,0,7
1561372187259,4951,Llamada 2,200,OK,jp@gc - Ultimate Thread Group 1-10,,true,,3269,2758,20,20,http://svtarqfrt3pu:3181/api/v2.0/auth/oauth2/introspect,4951,0,5
1561372187440,4776,Llamada 2,200,OK,jp@gc - Ultimate Thread Group 1-4,,true,,3269,2758,19,19,http://svtarqfrt3pu:3181/api/v2.0/auth/oauth2/introspect,4776,0,5
1561372188634,4211,Llamada 2,200,OK,jp@gc - Ultimate Thread Group 1-16,,true,,3269,2758,18,18,http://svtarqfrt3pu:3181/api/v2.0/auth/oauth2/introspect,4211,0,6
1561372188574,4382,Llamada 2,200,OK,jp@gc - Ultimate Thread Group 1-19,,true,,3269,2758,17,17,http://svtarqfrt3pu:3181/api/v2.0/auth/oauth2/introspect,4382,0,5
1561372189440,4076,Llamada 2,200,OK,jp@gc - Ultimate Thread Group 1-12,,true,,3269,2758,16,16,http://svtarqfrt3pu:3181/api/v2.0/auth/oauth2/introspect,4076,0,7
1561372189421,4653,Llamada 2,200,OK,jp@gc - Ultimate Thread Group 1-1,,true,,3269,2758,15,15,http://svtarqfrt3pu:3181/api/v2.0/auth/oauth2/introspect,4653,0,12
1561372190762,3468,Llamada 2,200,OK,jp@gc - Ultimate Thread Group 1-15,,true,,3269,2758,14,14,http://svtarqfrt3pu:3181/api/v2.0/auth/oauth2/introspect,3468,0,2
1561372187987,6259,Llamada 2,200,OK,jp@gc - Ultimate Thread Group 1-14,,true,,3269,2758,13,13,http://svtarqfrt3pu:3181/api/v2.0/auth/oauth2/introspect,6259,0,6
1561372188422,5885,Llamada 2,200,OK,jp@gc - Ultimate Thread Group 1-5,,true,,3269,2758,12,12,http://svtarqfrt3pu:3181/api/v2.0/auth/oauth2/introspect,5885,0,5
1561372190656,3716,Llamada 2,200,OK,jp@gc - Ultimate Thread Group 1-20,,true,,3269,2758,11,11,http://svtarqfrt3pu:3181/api/v2.0/auth/oauth2/introspect,3716,0,2
1561372190763,3770,Llamada 2,200,OK,jp@gc - Ultimate Thread Group 1-18,,true,,3269,2758,10,10,http://svtarqfrt3pu:3181/api/v2.0/auth/oauth2/introspect,3770,0,2
1561372188785,5774,Llamada 2,200,OK,jp@gc - Ultimate Thread Group 1-9,,true,,3269,2758,9,9,http://svtarqfrt3pu:3181/api/v2.0/auth/oauth2/introspect,5774,0,5
1561372190931,3704,Llamada 2,200,OK,jp@gc - Ultimate Thread Group 1-7,,true,,3269,2758,8,8,http://svtarqfrt3pu:3181/api/v2.0/auth/oauth2/introspect,3703,0,2
1561372190759,4450,Llamada 2,200,OK,jp@gc - Ultimate Thread Group 1-8,,true,,3269,2758,7,7,http://svtarqfrt3pu:3181/api/v2.0/auth/oauth2/introspect,4450,0,5
1561372190596,4959,Llamada 2,200,OK,jp@gc - Ultimate Thread Group 1-13,,true,,3269,2758,6,6,http://svtarqfrt3pu:3181/api/v2.0/auth/oauth2/introspect,4959,0,2
1561372190655,5038,Llamada 2,200,OK,jp@gc - Ultimate Thread Group 1-6,,true,,3269,2758,5,5,http://svtarqfrt3pu:3181/api/v2.0/auth/oauth2/introspect,5037,0,3
1561372169266,31661,Llamada 2,200,OK,jp@gc - Ultimate Thread Group 1-11,,true,,599,2758,4,4,http://svtarqfrt3pu:3181/api/v2.0/auth/oauth2/introspect,31658,0,6
1561372178793,31983,Llamada 2,200,OK,jp@gc - Ultimate Thread Group 1-2,,true,,599,2758,3,3,http://svtarqfrt3pu:3181/api/v2.0/auth/oauth2/introspect,31983,0,1
1561372186650,31799,Llamada 2,200,OK,jp@gc - Ultimate Thread Group 1-17,,true,,599,2758,2,2,http://svtarqfrt3pu:3181/api/v2.0/auth/oauth2/introspect,31799,0,5
1561372186119,32511,Llamada 2,200,OK,jp@gc - Ultimate Thread Group 1-3,,true,,599,2758,1,1,http://svtarqfrt3pu:3181/api/v2.0/auth/oauth2/introspect,32511,0,10
